"Báº£ng lá»‹ch trÃ¬nh", "HÃ ng ngÃ y", "Lá»‹ch trÃ¬nh nÃ y Ä‘Æ°á»£c xÃ¢y dá»±ng tá»‘t vÃ  phÃ¹ há»£p vá»›i cÃ¡c nguyÃªn táº¯c quáº£n lÃ½ thá»i gian vÃ  tá»‘i Æ°u hÃ³a nÄƒng lÆ°á»£ng"
"Thá»i gian","Hoáº¡t Ä‘á»™ng","Ghi chÃº"
06:00 - 06:10,"Thá»©c dáº­y, uá»‘ng nÆ°á»›c, vá»‡ sinh cÃ¡ nhÃ¢n","Uá»‘ng 200ml nÆ°á»›c, rá»­a máº·t, Ä‘Ã¡nh rÄƒng. ğŸš°ğŸª¥"
06:10 - 06:20,GiÃ£n cÆ¡ vÃ  táº­p nháº¹ buá»•i sÃ¡ng,"VÆ°Æ¡n vai, yoga hoáº·c vÃ i Ä‘á»™ng tÃ¡c kÃ©o giÃ£n cÆ¡. ğŸ§˜â€â™‚ï¸"
06:20 - 06:30,Chuáº©n bá»‹ cÃ´ng viá»‡c vÃ  trang phá»¥c,"Xem lá»‹ch trÃ¬nh, kiá»ƒm tra tÃ i liá»‡u, chá»n Ä‘á»“ phÃ¹ há»£p. ğŸ“‹ğŸ‘•"
06:30 - 07:00,Di chuyá»ƒn Ä‘áº¿n cÃ´ng ty,"Nghe nháº¡c thÆ° giÃ£n hoáº·c nghá»‰ ngÆ¡i khi Ä‘i. ğŸš—ğŸµ"
07:00 - 08:00,Ä‚n sÃ¡ng táº¡i cÃ´ng ty,"Äáº£m báº£o Äƒn Ä‘áº§y Ä‘á»§ cháº¥t, thÃªm sá»¯a chua hoáº·c trÃ¡i cÃ¢y. ğŸ³ğŸ"
08:00 - 12:00,Block 1: LÃ m viá»‡c dá»± Ã¡n Prep,"Táº­p trung cao Ä‘á»™ vá»›i Pomodoro. â±ï¸ğŸ’»"
12:00 - 12:30,Ä‚n trÆ°a,"Ä‚n nháº¹ nhÆ°ng Ä‘á»§ cháº¥t: cÆ¡m, salad hoáº·c mÃ³n canh. ğŸ±ğŸ¥—"
12:30 - 12:55,Nghá»‰ ngÆ¡i hoáº·c Ä‘i dáº¡o,"ThÆ° giÃ£n, nghe nháº¡c nháº¹, hoáº·c nháº¯m máº¯t nghá»‰. ğŸµğŸ’¤"
12:55 - 13:00,Chuáº©n bá»‹ cho buá»•i chiá»u,"Sáº¯p xáº¿p tÃ i liá»‡u, cÃ´ng viá»‡c. ğŸ“‚ğŸ–‹ï¸"
13:00 - 17:00,Block 2: LÃ m viá»‡c dá»± Ã¡n Prep,"Tiáº¿p tá»¥c cÃ´ng viá»‡c quan trá»ng, Pomodoro. ğŸ’¼ğŸ’»"
17:00 - 17:30,Di chuyá»ƒn vá» nhÃ ,"Nghá»‰ ngÆ¡i, nghe nháº¡c thÆ° giÃ£n trÃªn Ä‘Æ°á»ng vá». ğŸµğŸš—"
17:30 - 18:30,Block 3: LÃ m viá»‡c dá»± Ã¡n Seed,"Báº¯t Ä‘áº§u cÃ¡c nhiá»‡m vá»¥ nhá», dá»… hoÃ n thÃ nh. ğŸŒ±"
18:30 - 19:15,Ä‚n tá»‘i vÃ  nghá»‰ ngÆ¡i,"ThÆ° giÃ£n, trÃ² chuyá»‡n cÃ¹ng gia Ä‘Ã¬nh. ğŸ²â¤ï¸"
19:15 - 20:30,Block 4: HoÃ n thiá»‡n dá»± Ã¡n Seed,"RÃ  soÃ¡t vÃ  hoÃ n thiá»‡n cÃ´ng viá»‡c cáº§n thiáº¿t. ğŸ”ğŸ’»"
20:30 - 22:30,Block 5: Dá»± Ã¡n Seed,"Táº­p trung xá»­ lÃ½ cÃ¡c pháº§n viá»‡c cÃ²n láº¡i hoáº·c lÃªn káº¿ hoáº¡ch má»›i. ğŸŒŸ"
22:30 - 23:00,"ThÆ° giÃ£n, chuáº©n bá»‹ ngá»§","Nghe nháº¡c, thiá»n, viáº¿t nháº­t kÃ½, chuáº©n bá»‹ sáºµn sÃ ng nghá»‰ ngÆ¡i. ğŸµğŸŒ™"
23:00 - 06:00,Ngá»§,"Ngá»§ Ä‘á»§ 7 tiáº¿ng, Ä‘áº£m báº£o giáº¥c ngá»§ sÃ¢u vÃ  khÃ´ng bá»‹ giÃ¡n Ä‘oáº¡n. ğŸ›ŒğŸ˜´"
